https://ndownloader.figshare.com/files/11821322	s01_051017m.set	2fd03f6d265b02afcf7aa2b9ab07602d
https://ndownloader.figshare.com/files/11821325	s01_060227n.set	69e6df139ba7084f44627467c0ea049a
https://ndownloader.figshare.com/files/11821328	s01_060926_1n.set	50cad42ac7711d7a1b4dc055c6217ef5
https://ndownloader.figshare.com/files/11821331	s01_060926_2n.set	52c8e75cdf2e6fcf937ed4458e83b7f6
https://ndownloader.figshare.com/files/11821343	s01_061102n.set	cd7fa473e42128b6d4223272b9a921a8
https://ndownloader.figshare.com/files/11821346	s02_050921m.set	1700e163339ea96e1ac2c440bea24ea9
https://ndownloader.figshare.com/files/11821349	s02_051115m.set	5965a348c9d6c45b57e4c8eef3c011af
https://ndownloader.figshare.com/files/11821355	s04_051130m.set	05648f3aaeb27a2c504cad5ecea758b7
https://ndownloader.figshare.com/files/11821358	s05_051120m.set	d0d851531dd4d450695ab8f9aee70282
https://ndownloader.figshare.com/files/11821361	s05_060308n.set	8c168fde80fa9570f5dcf3aec7498da3
https://ndownloader.figshare.com/files/11821364	s05_061019m.set	f93d2394145d3a6ab27c703491ff026e
https://ndownloader.figshare.com/files/11821373	s05_061101n.set	7dbeebb57d6cdf36356875a994b59185
https://ndownloader.figshare.com/files/11821376	s06_051119m.set	487ea9067bfed2b6d649edd5d4c7b74a
https://ndownloader.figshare.com/files/11821379	s09_060313n.set	bbda5635b9a3146d638a3ba51f77c51d
https://ndownloader.figshare.com/files/11821382	s09_060317n.set	8b9ba9e9942af17fab61bfa06978fbc6
https://ndownloader.figshare.com/files/11821385	s09_060720_1n.set	48877c8f31f51352f6679b2f476349cf
https://ndownloader.figshare.com/files/11821388	s11_060920_1n.set	fe6139d3bb533e39af82986309ae5de0
https://ndownloader.figshare.com/files/11821391	s12_060710_1m.set	0bd4c8b3971cae2ebe3f2964ed7850bd
https://ndownloader.figshare.com/files/11821394	s12_060710_2m.set	bb956f914529ebfbcf16b5e5156fb4ff
https://ndownloader.figshare.com/files/11821397	s13_060213m.set	6cbe89a86ccbad7daa7852f75e244664
https://ndownloader.figshare.com/files/11821400	s13_060217m.set	9a02815630f92455a530a8b7a5898183
https://ndownloader.figshare.com/files/11821403	s14_060319m.set	14f8d56671682a997f11d368d86ed019
https://ndownloader.figshare.com/files/11821406	s14_060319n.set	707a439e136e07c244604679f10fceb1
https://ndownloader.figshare.com/files/11821409	s22_080513m.set	a8f52afe3486f5e40bc9eccbf58356aa
https://ndownloader.figshare.com/files/11821421	s22_090825n.set	a95cb0707bb7a071a8db86cb7294c69e
https://ndownloader.figshare.com/files/11821424	s22_090922m.set	a1aa96cbe011468ef41234307d440c31
https://ndownloader.figshare.com/files/11821427	s22_091006m.set	666306ea99eaaf326bdeb40326647236
https://ndownloader.figshare.com/files/11821430	s23_060711_1m.set	d2be363422b8f67ed719297387fab696
https://ndownloader.figshare.com/files/11821433	s31_061020m.set	04d5cfdc86adeda01b2eb4b1d0173395
https://ndownloader.figshare.com/files/11821436	s31_061103n.set	3b87c1c6729a1601eae0152ec97b3e87
https://ndownloader.figshare.com/files/11821439	s35_070115m.set	a93d9253506ea50be656a440e0189a24
https://ndownloader.figshare.com/files/11821442	s35_070322n.set	390983a560d9caba56bd3dc3085720ee
https://ndownloader.figshare.com/files/11821445	s40_070124n.set	653e08d638499aca1a11ace81f5f9055
https://ndownloader.figshare.com/files/11821448	s40_070131m.set	17d0bed4b5dcf3c9630400ceab3c70af
https://ndownloader.figshare.com/files/11821451	s41_061225n.set	b8f51251048b53993b0314084b4994b2
https://ndownloader.figshare.com/files/11821454	s41_080520m.set	8e1bd4851d5e45d47adc8cb0ddddc1d3
https://ndownloader.figshare.com/files/11821457	s41_080530n.set	9e55ac6374298fc6933267d69735ea2f
https://ndownloader.figshare.com/files/11821460	s41_090813m.set	a74b19bce33d3d31743f8482447ae10b
https://ndownloader.figshare.com/files/11821463	s41_091104n.set	701c0e52402d470e481f8c2650010de5
https://ndownloader.figshare.com/files/11821466	s42_061229n.set	bc69353261eceefc149b980d94c34d03
https://ndownloader.figshare.com/files/11821469	s42_070105n.set	51203c143c33bb6c8cde871dfe6db0d5
https://ndownloader.figshare.com/files/11821472	s43_070202m.set	1fd1db0ea24666b7d3ed42339760567d
https://ndownloader.figshare.com/files/11821475	s43_070205n.set	2c24bcb8f9884a4fa9c2c2a7b3769bc0
https://ndownloader.figshare.com/files/11821478	s43_070208n.set	1a9292e77b90d568db8e028ad75f2ed1
https://ndownloader.figshare.com/files/11821481	s44_070126m.set	49026d5c6bf249a79f0597dfbaeee651
https://ndownloader.figshare.com/files/11821484	s44_070205n.set	ea10e3f4d7958b9cfceefcf3595cec5d
https://ndownloader.figshare.com/files/11821487	s44_070209m.set	ef74304856638bfd5d73a59d98aefc33
https://ndownloader.figshare.com/files/11821490	s44_070325n.set	2ed76aabbbb6e1c2722605298cb31baf
https://ndownloader.figshare.com/files/11821493	s45_070307n.set	06ffb74bbfa23c2b9f96950a1cbb643d
https://ndownloader.figshare.com/files/11821496	s45_070321n.set	2f766194e18ede290b6e0f20f96dcbb8
https://ndownloader.figshare.com/files/11821499	s48_080501n.set	8ce92b09946173bc6046e820adc6a738
https://ndownloader.figshare.com/files/11821502	s49_080522n.set	8df8373d786d282e783bfba16e5d39ab
https://ndownloader.figshare.com/files/11821505	s49_080527n.set	4a99a0c779d68bd121afd2c57d91f0c4
https://ndownloader.figshare.com/files/11821508	s49_080602m.set	33b03a48d57cebd43c43d0f68ca99422
https://ndownloader.figshare.com/files/11821511	s50_080725n.set	b1452f3e6cd0a83efff913652fe196e8
https://ndownloader.figshare.com/files/11821514	s50_080731m.set	2796d79cd478a4d5c88d12fb59f5dd02
https://ndownloader.figshare.com/files/11821517	s52_081017n.set	c3c37a90f6da355fe489349fef006c2a
https://ndownloader.figshare.com/files/11821520	s53_081018n.set	1a21745658cb0ab3ea9a59753e3244eb
https://ndownloader.figshare.com/files/11821523	s53_090918n.set	6b3fed76898ddcdc496aca6f0e937f68
https://ndownloader.figshare.com/files/11821526	s53_090925m.set	cba301c1afbfd5fabc1af2f984315b34
https://ndownloader.figshare.com/files/11821529	s54_081226m.set	11536f493af26f4534172b004c00d3cf
https://ndownloader.figshare.com/files/11821532	s55_090930n.set	1f9c7435b6ad31ac707f2e69fd3b9176
https://ndownloader.figshare.com/files/14252849	code availability.zip	69d583014d0f2022864f6e7d28bc7f05
https://ndownloader.figshare.com/files/14252852	Tutorial Data Analysis for Multi-channel EEG Recordings during a Sustained-attention Driving Task.pdf	4c05fa9800956e764e8887d9040e8b69
